klucz,kategoria,oa_status,oa_url,wersja,rozbieżności,uwagi,typ,recenzowana,cited_by_count,is_retracted
starzyk2008motivation,A,hybrid,https://www.intechopen.com/citation-pdf-url/5692,publishedVersion,"autorzy: poz. 1 .bib „starzyk”, OpenAlex „janusz a”; brak w .bib: DOI 10.5772/6332 (OpenAlex; w doi.org: zarejestrowany)",OpenAlex W1509319152 (dopasowanie po tytule); pełny tekst w repozytorium: tak,książka,nie,28,nie
starzyk2011motivated,C,closed,,,brak w .bib: DOI 10.4018/978-1-60960-551-3.ch011 (OpenAlex; w doi.org: zarejestrowany),OpenAlex W2491525833 (dopasowanie po tytule); pełny tekst w repozytorium: nie; legalna kopia (2026-10-08): http://ace.cs.ohio.edu/~starzyk/network/Research/Papers/Motivated%20Learning%20for%20Computational%20Intelligence.pdf (strona autora); w .bib: dostep=?,książka,nie,35,nie
starzyk2012motivated,B,green,https://ink.library.smu.edu.sg/sis_research/5195,submittedVersion,"rok: .bib 2012, OpenAlex 2011; brak w .bib: DOI 10.1016/j.cogsys.2010.12.009 (OpenAlex; w doi.org: zarejestrowany)","OpenAlex W2077016537 (dopasowanie po tytule); pełny tekst w repozytorium: tak; zweryfikowano: rok OpenAlex = wersja online (2011), .bib = numer (2012); legalna kopia (2026-10-08): http://ace.cs.ohio.edu/~starzyk/network/Research/Papers/Motivated_Learning_for_Autonomous_Development.pdf (strona autora, wersja autorska); kopia SMU z OpenAlex niesprawdzalna automatycznie; w .bib: dostep=?",czasopismo,tak,34,nie
starzyk2013simulation,A,bronze,https://link.springer.com/content/pdf/10.1007%2F978-3-642-41142-7_21.pdf,publishedVersion,brak w .bib: DOI 10.1007/978-3-642-41142-7_21 (OpenAlex; w doi.org: zarejestrowany),OpenAlex W1555488651 (dopasowanie po tytule); pełny tekst w repozytorium: tak; w .bib: dostep=?,konferencja,tak,6,nie
graham2015opportunistic,C,closed,,,"rok: .bib 2015, OpenAlex 2014","OpenAlex W2017134248 (po DOI); pełny tekst w repozytorium: nie; zweryfikowano: rok OpenAlex = wersja online (IX 2014), .bib = numer (VIII 2015); legalna kopia (2026-10-08): http://ace.cs.ohio.edu/~starzyk/network/Research/Papers/Opportunistic%20agent%202015.pdf (strona autora, wersja wydawnicza); w .bib: dostep=?",czasopismo,tak,28,nie
starzyk2017mlecog,C,closed,,,"rok: .bib 2017, OpenAlex 2015","OpenAlex W2525569509 (po DOI); pełny tekst w repozytorium: nie; zweryfikowano: rok OpenAlex = wersja online (2015), .bib = numer (2017); legalna kopia (2026-10-08): http://ace.cs.ohio.edu/~starzyk/network/Research/Papers/MLECOG%202017.pdf (strona autora, wersja wydawnicza); w .bib: dostep=?",czasopismo,tak,29,nie
starzyk2017needs,C,closed,,,"rok: .bib 2017, OpenAlex 2016","OpenAlex W2508916776 (po DOI); pełny tekst w repozytorium: nie; zweryfikowano: rok OpenAlex = wersja online (2016), .bib = numer (2017); legalna kopia (2026-10-08): http://ace.cs.ohio.edu/~starzyk/network/Research/Papers/Needs,%20pains,%20motivations%202017.pdf (strona autora, wersja wydawnicza); w .bib: dostep=?",czasopismo,tak,9,nie
maslow1943theory,C,closed,,,,"OpenAlex W4292542163 (po DOI); pełny tekst w repozytorium: nie; legalna kopia (2026-10-08): https://psychclassics.yorku.ca/Maslow/motivation.htm (Classics in the History of Psychology, York University; z paginacją oryginału); w .bib: dostep=?",czasopismo,tak,21157,nie
ryan2000self,C,closed,,,,"OpenAlex W4242883546 (po DOI); pełny tekst w repozytorium: nie; legalna kopia (2026-10-08): https://selfdeterminationtheory.org/SDT/documents/2000_RyanDeci_SDT.pdf (Center for Self-Determination Theory, strona autorów); w .bib: dostep=?",czasopismo,tak,36461,nie
oudeyer2007intrinsic,A,gold,https://www.frontiersin.org/articles/10.3389/neuro.12.006.2007/pdf,publishedVersion,"autorzy: liczba .bib 2, OpenAlex 1",OpenAlex W2000514530 (po DOI); pełny tekst w repozytorium: tak; zweryfikowano: błąd OpenAlex i Crossref (1 autor); strona Frontiers i Europe PMC (PMC2533589) podają 2 autorów jak .bib,czasopismo,tak,831,nie
singh2010intrinsically,C,closed,,,,"OpenAlex W2164424353 (po DOI); pełny tekst w repozytorium: nie; legalna kopia (2026-10-08): https://web.eecs.umich.edu/~baveja/Papers/IMRLIEEETAMDFinal.pdf (strona autora, wersja autorska z inną paginacją); w .bib: dostep=?",czasopismo,tak,420,nie
keramati2014homeostatic,A,gold,https://doi.org/10.7554/elife.04811,publishedVersion,,OpenAlex W2142110758 (po DOI); pełny tekst w repozytorium: tak,czasopismo,tak,234,nie
man2019homeostasis,C,closed,,,,OpenAlex W2979569224 (po DOI); pełny tekst w repozytorium: nie; legalna kopia (2026-10-08): brak,czasopismo,tak,177,nie
kuehn2017artificial,B,green,http://mediatum.ub.tum.de/node?id=1438519,submittedVersion,"rok: .bib 2017, OpenAlex 2016","OpenAlex W2330788154 (po DOI); pełny tekst w repozytorium: tak; zweryfikowano: rok OpenAlex = wersja online (2016), .bib = numer (2017); legalna kopia (2026-10-08): mediaTUM node 1438519 (wskazana przez OpenAlex, wersja zgłoszona); ochrona przed botami, do sprawdzenia w przeglądarce; w .bib: dostep=C",czasopismo,tak,57,nie
sharkey2025could,A,hybrid,https://link.springer.com/content/pdf/10.1007/s00146-024-02110-y.pdf,publishedVersion,"rok: .bib 2025, OpenAlex 2024","OpenAlex W4404010032 (po DOI); pełny tekst w repozytorium: tak; zweryfikowano: rok OpenAlex = wersja online (2024), .bib = numer (2025)",czasopismo,tak,2,nie
asada2019artificial,A,gold,https://www.mdpi.com/2409-9287/4/3/38/pdf?version=1563183739,publishedVersion,,OpenAlex W2961172539 (po DOI); pełny tekst w repozytorium: tak,czasopismo,tak,32,nie
bonabeau1996quantitative,C,closed,,,,"OpenAlex W2025323500 (po DOI); pełny tekst w repozytorium: nie; legalna kopia (2026-10-08): brak (Royal Society: closed, brak kopii w repozytoriach); w .bib: dostep=?",czasopismo,tak,369,nie
bonabeau1998fixed,C,closed,,,"autorzy: liczba .bib 3, OpenAlex 1","OpenAlex W1523375639 (po DOI); pełny tekst w repozytorium: nie; zweryfikowano: niepełne metadane OpenAlex i Crossref (1 autor); Semantic Scholar podaje 3 autorów jak .bib; legalna kopia (2026-10-08): brak potwierdzonej (working paper SFI 98-01-009 w RePEc, PDF nieodnaleziony)",czasopismo,tak,265,nie
theraulaz1998response,B,green,https://www.ncbi.nlm.nih.gov/pmc/articles/1688885,submittedVersion,"tytuł: OpenAlex „Response threshold reinforcements and division of labour in insect societies”; autorzy: poz. 3 .bib „deneubourg”, OpenAlex „j n denuebourg”","OpenAlex W2117910558 (po DOI); pełny tekst w repozytorium: tak; zweryfikowano: tytuł u wydawcy (Crossref, Royal Society) i w PMC1688885: „Response threshold reinforcements…” (l. mnoga), w .bib l. pojedyncza; nazwisko „Denuebourg” to literówka w metadanych wydawcy; legalna kopia (2026-10-08): https://pmc.ncbi.nlm.nih.gov/articles/PMC1688885/ (PMC, sprawdzone); w .bib: dostep=A",czasopismo,tak,441,nie
ulrich2021response,A,gold,https://journals.plos.org/plosbiology/article/file?id=10.1371/journal.pbio.3001269&type=printable,publishedVersion,,OpenAlex W3170341655 (po DOI); pełny tekst w repozytorium: tak,czasopismo,tak,54,nie
russell2020artificial,C,,,,,"ręcznie: podręcznik, brak legalnej bezpłatnej kopii (wyjątek w docs/03); legalna kopia (2026-10-08): brak",książka,nie,,
sutton2018reinforcement,B,,,,,ręcznie: PDF autorów (drugi druk 2020) na incompleteideas.net; url .bib: HTTP 206,książka,nie,,
astrom2021feedback,B,,,,,ręcznie: PDF 2. wydania na wiki autorów (fbswiki.org); url .bib: HTTP 200,książka,nie,,
vaswani2017attention,A,gold,https://langtaosha.org.cn/index.php/lts/preprint/download/10/108,acceptedVersion,"rok: .bib 2017, OpenAlex 2025; brak w .bib: DOI 10.65215/2q58a426 (OpenAlex; w doi.org: zarejestrowany)","OpenAlex W2626778328 (dopasowanie po tytule); pełny tekst w repozytorium: tak; zweryfikowano: błąd OpenAlex: rekord scalony z przedrukiem z 2025 r. (DOI 10.65215/2q58a426, Crossref: Shenzhen Medical Academy); tego DOI nie dopisywać, dane NeurIPS 2017 w .bib są poprawne",konferencja,tak,26832,nie
brown2020language,A,green,https://arxiv.org/pdf/2005.14165,submittedVersion,,OpenAlex W3030163527 (dopasowanie po tytule); OpenAlex zna tylko preprint arXiv; pełny tekst w repozytorium: tak; A według serwisu wydawcy: proceedings.neurips.cc,konferencja,tak,2963,nie
ouyang2022training,A,closed,,,brak w .bib: DOI 10.52202/068431-2011 (OpenAlex; w doi.org: zarejestrowany),OpenAlex W7133211372 (dopasowanie po tytule); pełny tekst w repozytorium: nie; A według serwisu wydawcy: proceedings.neurips.cc; DOI Curran 10.52202 prowadzi do płatnego wydania drukowanego (proceedings.com); bezpłatny tekst: proceedings.neurips.cc,konferencja,tak,1301,nie
wei2022chain,A,closed,,,brak w .bib: DOI 10.52202/068431-1800 (OpenAlex; w doi.org: zarejestrowany),OpenAlex W7133224126 (dopasowanie po tytule); pełny tekst w repozytorium: nie; A według serwisu wydawcy: proceedings.neurips.cc; DOI Curran 10.52202 prowadzi do płatnego wydania drukowanego (proceedings.com); bezpłatny tekst: proceedings.neurips.cc,konferencja,tak,2369,nie
guo2025deepseekr1,A,hybrid,https://www.nature.com/articles/s41586-025-09422-z.pdf,publishedVersion,,OpenAlex W4414281281 (po DOI); pełny tekst w repozytorium: tak,czasopismo,tak,1062,nie
qwen2024qwen25,A,green,https://arxiv.org/pdf/2412.15115,submittedVersion,,OpenAlex W4405655184 (po arXiv); pełny tekst w repozytorium: tak; preprint: arXiv jest miejscem publikacji,preprint,nie,107,nie
li2024evaluating,A,green,https://arxiv.org/pdf/2402.18158,submittedVersion,,OpenAlex W4392340571 (dopasowanie po tytule); OpenAlex zna tylko preprint arXiv; pełny tekst w repozytorium: tak; A według serwisu wydawcy: PMLR,konferencja,tak,9,nie
yao2023react,A,,,,,nie znaleziono w OpenAlex (także po DOI arXiv); ręcznie: A według serwisu wydawcy: OpenReview (ICLR),konferencja,tak,,
shinn2023reflexion,A,closed,,,brak w .bib: strony 8634–8652; brak w .bib: DOI 10.52202/075280-0377 (OpenAlex; w doi.org: zarejestrowany),OpenAlex W7133222210 (dopasowanie po tytule); pełny tekst w repozytorium: nie; A według serwisu wydawcy: proceedings.neurips.cc; DOI Curran 10.52202 prowadzi do płatnego wydania drukowanego (proceedings.com); bezpłatny tekst: proceedings.neurips.cc,konferencja,tak,592,nie
park2023generative,A,bronze,https://dl.acm.org/doi/pdf/10.1145/3586183.3606763,publishedVersion,brak w .bib: strony 1–22,OpenAlex W4387835442 (po DOI); pełny tekst w repozytorium: nie; w .bib: dostep=B,konferencja,tak,1894,nie
wang2024survey,A,hybrid,https://link.springer.com/content/pdf/10.1007/s11704-024-40231-1.pdf,publishedVersion,,OpenAlex W4393065402 (po DOI); pełny tekst w repozytorium: nie; w .bib: dostep=B,czasopismo,tak,1695,nie
sumers2024cognitive,A,green,https://arxiv.org/pdf/2309.02427,submittedVersion,"rok: .bib 2024, OpenAlex 2023","OpenAlex W4386528753 (po arXiv); OpenAlex zna tylko preprint arXiv; pełny tekst w repozytorium: tak; A według serwisu wydawcy: OpenReview (TMLR); rok OpenAlex = wersja arXiv, .bib = wersja opublikowana",czasopismo,tak,67,nie
wang2023humanoid,A,hybrid,https://aclanthology.org/2023.emnlp-demo.15.pdf,publishedVersion,brak w .bib: strony 167–176; brak w .bib: DOI 10.18653/v1/2023.emnlp-demo.15 (OpenAlex; w doi.org: zarejestrowany),OpenAlex W4389519442 (dopasowanie po tytule); pełny tekst w repozytorium: nie,konferencja,tak,21,nie
wang2025simulating,A,green,https://arxiv.org/pdf/2412.06435,submittedVersion,"rok: .bib 2025, OpenAlex 2024","OpenAlex W4405254210 (po arXiv); OpenAlex zna tylko preprint arXiv; pełny tekst w repozytorium: tak; A według serwisu wydawcy: OpenReview (ICLR); rok OpenAlex = wersja arXiv, .bib = wersja opublikowana",konferencja,tak,2,nie
masumori2025survival,A,green,https://arxiv.org/pdf/2508.12920,submittedVersion,,OpenAlex W4414491860 (po arXiv); pełny tekst w repozytorium: tak; preprint: arXiv jest miejscem publikacji,preprint,nie,0,nie
du2023guiding,A,green,https://arxiv.org/pdf/2302.06692,submittedVersion,,OpenAlex W4321011670 (dopasowanie po tytule); OpenAlex zna tylko preprint arXiv; pełny tekst w repozytorium: tak; A według serwisu wydawcy: PMLR,konferencja,tak,37,nie
klissarov2024motif,A,green,https://arxiv.org/pdf/2310.00166,submittedVersion,"rok: .bib 2024, OpenAlex 2023","OpenAlex W4387323256 (po arXiv); OpenAlex zna tylko preprint arXiv; pełny tekst w repozytorium: tak; A według serwisu wydawcy: OpenReview (ICLR); rok OpenAlex = wersja arXiv, .bib = wersja opublikowana",konferencja,tak,6,nie
keeling2024can,A,green,https://arxiv.org/pdf/2411.02432,submittedVersion,,OpenAlex W4404355701 (po arXiv); pełny tekst w repozytorium: tak; preprint: arXiv jest miejscem publikacji,preprint,nie,3,nie
liu2024agentbench,A,green,https://arxiv.org/pdf/2308.03688,submittedVersion,"rok: .bib 2024, OpenAlex 2023","OpenAlex W4385682136 (po arXiv); OpenAlex zna tylko preprint arXiv; pełny tekst w repozytorium: tak; A według serwisu wydawcy: OpenReview (ICLR); rok OpenAlex = wersja arXiv, .bib = wersja opublikowana",konferencja,tak,53,nie
tagliabue2025probing,A,green,https://arxiv.org/pdf/2509.07961,submittedVersion,,OpenAlex W4416068638 (po arXiv); pełny tekst w repozytorium: tak; preprint: arXiv jest miejscem publikacji,preprint,nie,0,nie
tagliabue2026pain,A,green,https://arxiv.org/pdf/2609.16247,submittedVersion,tytuł: OpenAlex „Relief-seeking or steering? A replication and extension of The Pain Axis”,OpenAlex W7213404605 (po arXiv); pełny tekst w repozytorium: tak; preprint: arXiv jest miejscem publikacji; zweryfikowano: błąd OpenAlex: rekord arXiv ma tytuł innej pracy (replikacji); arXiv API potwierdza tytuł v2 i autorów z .bib,preprint,nie,0,nie
bianco2026beyond,A,green,https://arxiv.org/pdf/2602.19159,submittedVersion,,OpenAlex W7131426686 (po arXiv); pełny tekst w repozytorium: tak; preprint: arXiv jest miejscem publikacji,preprint,nie,0,nie
ren2026ai,A,,,,,ręcznie: manuskrypt na stronie autorów; kopia w Web Archive (pole weryfikacja); url .bib: HTTP 206,preprint,nie,,
berg2026language,A,green,https://arxiv.org/pdf/2609.35591,submittedVersion,,OpenAlex W7214768649 (po arXiv); pełny tekst w repozytorium: tak; preprint: arXiv jest miejscem publikacji,preprint,nie,0,nie
schlatter2026incomplete,A,green,https://arxiv.org/pdf/2509.14260,submittedVersion,"rok: .bib 2026, OpenAlex 2025","OpenAlex W4417080519 (po arXiv); pełny tekst w repozytorium: tak; preprint: arXiv jest miejscem publikacji; zweryfikowano: rok OpenAlex = v1 (2025), .bib = cytowana wersja v2 (2026)",preprint,nie,0,nie
webson2022prompt,A,hybrid,https://aclanthology.org/2022.naacl-main.167.pdf,publishedVersion,brak w .bib: strony 2300–2344,OpenAlex W3198599617 (po DOI); pełny tekst w repozytorium: nie,konferencja,tak,193,nie
sclar2024quantifying,A,,,,,nie znaleziono w OpenAlex (także po DOI arXiv); ręcznie: A według serwisu wydawcy: OpenReview (ICLR),konferencja,tak,,
salinas2024butterfly,A,gold,https://aclanthology.org/2024.findings-acl.275.pdf,publishedVersion,,OpenAlex W4402683971 (po DOI); pełny tekst w repozytorium: nie,konferencja,tak,43,nie
mizrahi2024state,A,diamond,https://doi.org/10.1162/tacl_a_00681,publishedVersion,,OpenAlex W4401208776 (po DOI); pełny tekst w repozytorium: tak,czasopismo,tak,106,nie
pezeshkpour2024large,A,hybrid,https://aclanthology.org/2024.findings-naacl.130.pdf,publishedVersion,,OpenAlex W4401043020 (po DOI); pełny tekst w repozytorium: nie,konferencja,tak,71,nie
li2023large,A,green,https://arxiv.org/pdf/2307.11760,submittedVersion,,OpenAlex W4385291101 (po arXiv); pełny tekst w repozytorium: tak; preprint: arXiv jest miejscem publikacji,preprint,nie,60,nie
zheng2024helpful,A,gold,https://aclanthology.org/2024.findings-emnlp.888.pdf,publishedVersion,,OpenAlex W4404792888 (po DOI); pełny tekst w repozytorium: nie,konferencja,tak,62,nie
tversky1981framing,C,closed,,,,OpenAlex W2096452841 (po DOI); pełny tekst w repozytorium: nie; legalna kopia (2026-10-08): brak (kopie tylko w materiałach kursów i serwisach bez zgody wydawcy); w .bib: dostep=?,czasopismo,tak,17628,nie
schulhoff2024prompt,A,green,https://arxiv.org/pdf/2406.06608,submittedVersion,,OpenAlex W4399597451 (po arXiv); pełny tekst w repozytorium: tak; preprint: arXiv jest miejscem publikacji,preprint,nie,100,nie
shanahan2023role,A,bronze,https://www.nature.com/articles/s41586-023-06647-8.pdf,publishedVersion,,OpenAlex W4388488609 (po DOI); pełny tekst w repozytorium: nie,czasopismo,tak,462,nie
sharma2024towards,A,,,,,nie znaleziono w OpenAlex (także po DOI arXiv); ręcznie: A według serwisu wydawcy: OpenReview (ICLR),konferencja,tak,,
jones2022capturing,A,closed,,,brak w .bib: strony 11785–11799; brak w .bib: DOI 10.52202/068431-0856 (OpenAlex; w doi.org: zarejestrowany),OpenAlex W7133209805 (po arXiv → wersja opublikowana po tytule); pełny tekst w repozytorium: nie; A według serwisu wydawcy: proceedings.neurips.cc; DOI Curran 10.52202 prowadzi do płatnego wydania drukowanego (proceedings.com); bezpłatny tekst: proceedings.neurips.cc,konferencja,tak,6,nie
binz2023using,A,hybrid,https://doi.org/10.1073/pnas.2218523120,publishedVersion,,OpenAlex W4318919287 (po DOI); pełny tekst w repozytorium: tak,czasopismo,tak,514,nie
hagendorff2023machine,A,green,https://arxiv.org/pdf/2303.13988,submittedVersion,"rok: .bib 2024, OpenAlex 2023","OpenAlex W4361020574 (po arXiv); pełny tekst w repozytorium: tak; preprint: arXiv jest miejscem publikacji; zweryfikowano: rok OpenAlex = v1 (2023), .bib = cytowana wersja v6 (2024)",preprint,nie,69,nie
wichmann2001psychometric,A,bronze,https://link.springer.com/content/pdf/10.3758/BF03194544.pdf,publishedVersion,,OpenAlex W2035912487 (po DOI); pełny tekst w repozytorium: nie; w .bib: dostep=?,czasopismo,tak,2462,nie
wichmann2001bootstrap,A,bronze,https://link.springer.com/content/pdf/10.3758/BF03194545.pdf,publishedVersion,,OpenAlex W2136298096 (po DOI); pełny tekst w repozytorium: nie; w .bib: dostep=?,czasopismo,tak,839,nie
kingdom2016psychophysics,C,,,,,"ręcznie: podręcznik, brak bezpłatnej kopii (zamiennik: prins2018applying); legalna kopia (2026-10-08): brak",książka,nie,,
renze2024effect,A,gold,https://aclanthology.org/2024.findings-emnlp.432.pdf,publishedVersion,,OpenAlex W4404781852 (po DOI); pełny tekst w repozytorium: tak,konferencja,tak,197,nie
atil2025nondeterminism,A,gold,https://aclanthology.org/2025.eval4nlp-1.12.pdf,publishedVersion,,OpenAlex W7138462561 (po DOI); pełny tekst w repozytorium: nie,konferencja,tak,27,nie
miller2024adding,A,green,https://arxiv.org/pdf/2411.00640,submittedVersion,,OpenAlex W4404345312 (po arXiv); pełny tekst w repozytorium: tak; preprint: arXiv jest miejscem publikacji,preprint,nie,7,nie
dominguezolmedo2024questioning,A,closed,,,,OpenAlex W4415797819 (po DOI); pełny tekst w repozytorium: nie; A według serwisu wydawcy: proceedings.neurips.cc; DOI Curran 10.52202 prowadzi do płatnego wydania drukowanego (proceedings.com); bezpłatny tekst: proceedings.neurips.cc,konferencja,tak,22,nie
prins2018applying,A,gold,https://www.frontiersin.org/articles/10.3389/fpsyg.2018.01250/pdf,publishedVersion,,OpenAlex W2810425927 (po DOI); pełny tekst w repozytorium: tak,czasopismo,tak,495,nie
schutt2016painfree,A,hybrid,https://www.sciencedirect.com/science/article/pii/S0042698916000390/pdf,publishedVersion,,OpenAlex W2307270163 (po DOI); pełny tekst w repozytorium: tak,czasopismo,tak,473,nie
kuss2005bayesian,A,gold,https://doi.org/10.1167/5.5.8,publishedVersion,"strony: .bib 478--492, OpenAlex 8–8",OpenAlex W2160296521 (po DOI); pełny tekst w repozytorium: nie; zweryfikowano: OpenAlex podaje numer artykułu (8) zamiast stron 478–492; oba zapisy funkcjonują,czasopismo,tak,166,nie
song2025good,A,hybrid,https://aclanthology.org/2025.naacl-long.211.pdf,publishedVersion,,OpenAlex W4411120389 (po DOI); pełny tekst w repozytorium: nie,konferencja,tak,25,nie
holm1979simple,C,closed,,,brak w .bib: DOI 10.2307/4615733 (OpenAlex; w doi.org: NIEZAREJESTROWANY),OpenAlex W2121044470 (dopasowanie po tytule); pełny tekst w repozytorium: nie; legalna kopia (2026-10-08): JSTOR: bezpłatny odczyt po rejestracji (wg raportu z 08.10; JSTOR blokuje automat),czasopismo,tak,21872,nie
zawislak2025budowa,C,,,,,ręcznie: praca dyplomowa bez publicznego egzemplarza (wyjątek w docs/03); legalna kopia (2026-10-08): brak,praca dyplomowa,nie,,
ollama2026api,A,,,,,"ręcznie: strona WWW, bezpłatna; url .bib: HTTP 206",WWW,nie,,
deepseek2025distillcard,A,,,,,"ręcznie: strona WWW, bezpłatna; url .bib: HTTP 200",WWW,nie,,
opi2023jsa,A,,,,,"ręcznie: strona WWW, bezpłatna (nie do pracy); url .bib: HTTP 200",WWW,nie,,
wmifs2025wymagania,A,,,,,"ręcznie: strona WWW, bezpłatna (nie do pracy); url .bib: HTTP 200",WWW,nie,,
butlin2026identifying,A,hybrid,https://doi.org/10.1016/j.tics.2025.10.011,publishedVersion,"rok: .bib 2026, OpenAlex 2025","OpenAlex W4416083181 (po DOI); pełny tekst w repozytorium: tak; zweryfikowano: rok OpenAlex = wersja online (2025), .bib = numer (VI 2026)",czasopismo,tak,34,nie
long2024taking,A,green,https://arxiv.org/pdf/2411.00986,submittedVersion,tytuł: OpenAlex „Logotic Violence: Training-Layer Ethics and the Moral Status of Ephemeral Computation”,OpenAlex W4404350868 (po arXiv); pełny tekst w repozytorium: tak; preprint: arXiv jest miejscem publikacji; zweryfikowano: błąd OpenAlex: rekord arXiv ma tytuł innej pracy; arXiv API potwierdza tytuł i autorów z .bib,preprint,nie,26,nie
